city,companyFullName,education,financeStage,jobNature,positionAdvantage,positionName,salary,workYear
北京,北京天下秀科技股份有限公司,本科,C轮,全职,"团队氛围好,五险一金,节日福利",Python开发工程师,18k-25k,1-3年
深圳,深信服科技股份有限公司,本科,不需要融资,全职,"平台大,发展快,待遇好,福利棒",Python软件开发工程师,15k-20k,1-3年
深圳,深圳市和讯华谷信息技术有限公司,本科,D轮及以上,全职,五险一金、14薪/年、下午茶、工作餐等等,Python开发工程师,10k-20k,1-3年
北京,奇虎360科技有限公司,本科,上市公司,全职,五险一金 补充医疗 免费三餐和班车,Python 开发工程师,25k-35k,3-5年
北京,北京作业盒子科技有限公司,本科,C轮,全职,"大平台,技术牛,好前景,核心职位",python工程师,20k-40k,3-5年
杭州,杭州群核信息技术有限公司,本科,D轮及以上,全职,期权激励、年度旅游、年终丰厚、零食水果,Python研发工程师,15k-23k,1-3年
北京,先花信息技术（北京）有限公司,大专,B轮,全职,带薪年假,python研发工程师,15k-20k,3-5年
深圳,北京市商汤科技开发有限公司,本科,B轮,全职,"人工智能,福利好,技术大牛多,弹性工作",Python开发工程师,15k-30k,3-5年
北京,北京旷视科技有限公司,本科,C轮,全职,平台好；福利多,python工程师,15k-30k,3-5年
北京,光合新知（北京）科技有限公司,不限,C轮,全职,"年假15天,免费早午餐,技术氛围好,弹性不打卡",Python,15k-30k,1-3年
深圳,腾讯科技(深圳)有限公司,本科,上市公司,全职,福利待遇优厚、大平台,Python开发工程师,15k-25k,3-5年
上海,平安科技（深圳）有限公司,本科,不需要融资,全职,世界50强 节日福利 绩效丰厚,Python开发工程师（上海）,15k-30k,不限
北京,北京爱奇艺科技有限公司,硕士,D轮及以上,全职,14薪，12天带薪年假，地铁周边,Python开发工程师,18k-28k,1-3年
深圳,深圳虾皮信息科技有限公司,本科,上市公司,全职,东南亚跨境电商平台、福利棒、美女多,Python开发工程师,15k-30k,1-3年
深圳,深圳晶泰科技有限公司,本科,B轮,全职,"大牛多,公司氛围好,周末双休,成长快",高级Python开发工程师,15k-23k,1-3年
北京,北京天下秀科技股份有限公司,本科,C轮,全职,"团队氛围好,五险一金,节日福利",Python开发工程师,18k-25k,1-3年
深圳,深信服科技股份有限公司,本科,不需要融资,全职,"平台大,发展快,待遇好,福利棒",Python软件开发工程师,15k-20k,1-3年
深圳,深圳市和讯华谷信息技术有限公司,本科,D轮及以上,全职,五险一金、14薪/年、下午茶、工作餐等等,Python开发工程师,10k-20k,1-3年
北京,奇虎360科技有限公司,本科,上市公司,全职,五险一金 补充医疗 免费三餐和班车,Python 开发工程师,25k-35k,3-5年
北京,北京作业盒子科技有限公司,本科,C轮,全职,"大平台,技术牛,好前景,核心职位",python工程师,20k-40k,3-5年
杭州,杭州群核信息技术有限公司,本科,D轮及以上,全职,期权激励、年度旅游、年终丰厚、零食水果,Python研发工程师,15k-23k,1-3年
北京,先花信息技术（北京）有限公司,大专,B轮,全职,带薪年假,python研发工程师,15k-20k,3-5年
深圳,北京市商汤科技开发有限公司,本科,B轮,全职,"人工智能,福利好,技术大牛多,弹性工作",Python开发工程师,15k-30k,3-5年
北京,北京旷视科技有限公司,本科,C轮,全职,平台好；福利多,python工程师,15k-30k,3-5年
北京,光合新知（北京）科技有限公司,不限,C轮,全职,"年假15天,免费早午餐,技术氛围好,弹性不打卡",Python,15k-30k,1-3年
深圳,腾讯科技(深圳)有限公司,本科,上市公司,全职,福利待遇优厚、大平台,Python开发工程师,15k-25k,3-5年
上海,平安科技（深圳）有限公司,本科,不需要融资,全职,世界50强 节日福利 绩效丰厚,Python开发工程师（上海）,15k-30k,不限
北京,北京爱奇艺科技有限公司,硕士,D轮及以上,全职,14薪，12天带薪年假，地铁周边,Python开发工程师,18k-28k,1-3年
深圳,深圳虾皮信息科技有限公司,本科,上市公司,全职,东南亚跨境电商平台、福利棒、美女多,Python开发工程师,15k-30k,1-3年
深圳,深圳晶泰科技有限公司,本科,B轮,全职,"大牛多,公司氛围好,周末双休,成长快",高级Python开发工程师,15k-23k,1-3年
深圳,深信服科技股份有限公司,本科,不需要融资,全职,扁平化管理 超多福利,Python开发工程师,10k-20k,不限
北京,北京旷视科技有限公司,本科,C轮,全职,"技术驱动,极客氛围,大牛团队",Python工程师,20k-40k,1-3年
上海,平安科技（深圳）有限公司,本科,不需要融资,全职,公司发展前景好，福利待遇好,Python开发工程师（上海）,10k-15k,不限
北京,北京三快在线科技有限公司,本科,D轮及以上,全职,"优厚待遇,技术导向",服务端高级开发工程师Golang/Python,35k-45k,3-5年
深圳,北京国双科技有限公司,本科,上市公司,全职,大数据上市公司 福利待遇好 发展空间大,高级python开发工程师,15k-20k,3-5年
成都,成都数联铭品科技有限公司,本科,C轮,全职,"五险一金,技术大牛,大数据,加班补贴",中级Python工程师,10k-15k,3-5年
北京,北京智者天下科技有限公司,本科,D轮及以上,全职,健康三餐 免费健身游泳 大牛团队,Python 开发工程师,18k-36k,1-3年
杭州,杭州牛盾网络技术有限公司,大专,不需要融资,全职,"六险一金,周末双休,员工旅游",Python开发工程师,8k-16k,1-3年
北京,北京搜狗科技发展有限公司,本科,C轮,全职,技术先进、团队气氛佳,技术工程部-python开发工程师,20k-40k,3-5年
北京,北京车之家信息技术有限公司,本科,上市公司,全职,平台好，发展空间大,Python开发工程师,15k-25k,3-5年
北京,维我软件（上海）有限公司北京分公司,本科,上市公司,全职,"纽交所上市,云计算,股票,年度旅游",Python工程师,20k-30k,3-5年
深圳,深圳市明源云客电子商务有限公司,本科,上市公司,全职,技术导向，牛人多，氛围赞，扁平管理,高级Python开发工程师,16k-22k,3-5年
上海,上海基分文化传播有限公司,本科,不需要融资,全职,发展空间,Python开发工程师,15k-30k,5-10年
北京,北京优虎商务服务有限公司,本科,B轮,全职,"六险一金,超多假期",Python工程师,20k-35k,1-3年
成都,贝壳金控控股集团有限公司,本科,未融资,全职,业务发展前景好，团队技术氛围浓厚,高级Python工程师-CD2818,15k-25k,3-5年
北京,深信服科技股份有限公司,本科,不需要融资,全职,中国卓越雇主，扁平管理，有竞争力的薪资,Python开发工程师,12k-20k,1-3年
北京,北京国双科技有限公司,本科,上市公司,全职,上市公司 前景佳 氛围好 牛人多,Python研发工程师（北京）,10k-20k,1-3年
深圳,平安科技（深圳）有限公司,本科,不需要融资,全职,世界500强，丰厚奖金,Python开发工程师（深圳）,15k-30k,3-5年
北京,北京旷视科技有限公司,本科,C轮,全职,"人工智能,黑科技,大牛多",Python 高级开发工程师,20k-40k,3-5年
北京,掌阅科技股份有限公司,本科,不需要融资,全职,"扁平化管理,福利待遇佳,学习氛围好,晋升空间大",高级Python研发工程师,25k-35k,3-5年
上海,上海贝涛金融信息服务有限公司,本科,A轮,全职,"商业保险,年度旅游,带薪年病假,弹性工作",高级Python研发工程师,15k-30k,3-5年
北京,北京新工场投资顾问有限公司,本科,A轮,全职,互联网金融 无天花板 六险一金 期权激励,高级python开发工程师,15k-30k,1-3年
北京,北京奇安信科技有限公司,本科,不需要融资,全职,公司平台好；技术氛围浓；福利待遇优厚,Python开发工程师,15k-30k,3-5年
北京,先花信息技术（北京）有限公司,不限,B轮,全职,"大牛云集,高速发展",Python中级工程师,15k-20k,3-5年
北京,北京轮子科技有限公司,本科,A轮,全职,"国内最强,生活人工智,高盛高管,普林大神",Python工程师,15k-25k,1-3年
上海,北京爱奇艺科技有限公司,本科,D轮及以上,全职,发展前景好,Python高级开发工程师,15k-30k,不限
北京,北京九州云动科技有限公司,本科,B轮,全职,海量数据、氛围轻松、项目奖金,Python,15k-30k,1-3年
深圳,深圳市和讯华谷信息技术有限公司,本科,D轮及以上,全职,五险一金、14薪/年、下午茶、工作餐等等,Python开发工程师（中级）,10k-15k,1-3年
北京,北京猎户星空科技有限公司,本科,A轮,全职,绩效奖金 午餐补助 年度旅游 人工智能领域,python开发工程师,15k-30k,不限
北京,广州杰颉软件科技有限公司,本科,A轮,全职,"发展空间大,工作氛围好,全员持股,管理规范",Python开发工程师,20k-25k,5-10年
深圳,北京国双科技有限公司,本科,上市公司,全职,大数据上市公司 福利待遇好 成长空间大,资深python开发工程师,15k-25k,5-10年
北京,北京旷视科技有限公司,本科,C轮,全职,大牛多,高级Python开发工程师,25k-50k,3-5年
北京,掌阅科技股份有限公司,本科,不需要融资,全职,"管理扁平化,发展机会佳,薪资待遇好",Python研发工程师（中高级）,15k-25k,3-5年
苏州,苏州锦佰安信息技术有限公司,本科,天使轮,全职,"人工智能,前景广阔,福利齐全,技术领先",Python开发工程师,12k-24k,3-5年
北京,北京趣拿软件科技有限公司,本科,不需要融资,全职,团队氛围融洽，帅哥美女多，年假多，年终奖,Python高级研发工程师-度假事业部(J11528),20k-40k,3-5年
杭州,武汉佰钧成技术有限责任公司,大专,不需要融资,全职,"周末双休,六险一金,技术提升",python开发工程师,11k-20k,1-3年
北京,宽拓（北京）科技有限公司,本科,A轮,全职,"人工智能,对接美国,不打卡,西直门地铁",Python,20k-40k,3-5年
武汉,武汉北蚁网络科技有限公司,大专,不需要融资,全职,"五险一金,员工旅游,休闲餐点,扁平管理",python工程师,8k-10k,3-5年
北京,北京搜狗科技发展有限公司,本科,C轮,全职,人工智能、最前沿技术能力、巨大成长空间,搜狗AI云-Python开发工程师,15k-25k,1-3年
上海,千言信息技术（上海）有限公司,本科,A轮,全职,"国际团队,全球用户,在线教育,文化驱动",Python,15k-30k,5-10年
上海,上海青客公共租赁住房租赁经营管理股份有限公司,本科,C轮,全职,年终奖，加班补贴，工作环境,python工程师,15k-25k,3-5年
北京,况客科技(北京)有限公司,本科,A轮,全职,"技术培养,能力提升,培养计划,福利好",Python 工程师,15k-30k,1-3年
深圳,上海奥飞游戏有限公司,大专,A轮,全职,"靠谱团队,项目给力,福利多多",Python开发工程师,10k-15k,1-3年
北京,北京墨迹风云科技股份有限公司,本科,C轮,全职,"弹性工作,晋升完善,免费健身,6险1金",Python 开发工程师,20k-35k,3-5年
北京,北京蚂蜂窝网络科技有限公司,本科,D轮及以上,全职,核心部门和岗位，股票期权,高级Python开发工程师,15k-30k,3-5年
深圳,深圳市和讯华谷信息技术有限公司,本科,D轮及以上,全职,五险一金、14薪/年、下午茶、工作餐等等,高级Python开发工程师,15k-25k,3-5年
深圳,北京国双科技有限公司,本科,上市公司,全职,弹性工作制 上市公司 氛围好 空间大,资深python研发工程师（深圳）,15k-25k,3-5年
北京,上海微创软件股份有限公司北京分公司,本科,不需要融资,全职,"六险一金,带薪年假,节日福利,技术大牛",Python工程师-赴码隆科技,10k-15k,1-3年
成都,杭州顺网科技股份有限公司,本科,上市公司,全职,"上市公司,大数据,大平台,福利健全",Python开发工程师,9k-16k,3-5年
北京,北京春雨天下软件有限公司,本科,C轮,全职,有挑战，自主加薪，技术氛围好,Python,20k-40k,3-5年
北京,北京爱咔咔信息技术有限公司,本科,A轮,全职,"北大团队,五百强大牛,期权奖励,专业培训",Python工程师,15k-30k,3-5年
上海,上海进馨网络科技有限公司,本科,B轮,全职,发展前景大、工作氛围好、技术牛人多,Python开发工程师,15k-25k,3-5年
北京,北京来也网络科技有限公司,本科,B轮,全职,"人工智能,弹性工作,扁平管理,技术牛人",Python开发工程师,15k-30k,1-3年
成都,成都市肆零肆网络科技有限公司,本科,未融资,全职,"双休,六险一金,无限饮料,内部交流",Python开发,10k-15k,1-3年
贵阳,贵州电子商务云运营有限责任公司,不限,未融资,全职,"五险一金,餐补",python工程师,10k-15k,不限
厦门,厦门视我科技有限公司,本科,不需要融资,全职,"弹性工作,扁平管理,家属福利,五险一金",Python工程师,10k-20k,3-5年
北京,会找房（北京）网络技术有限公司,本科,C轮,全职,"股票期权,弹性工作制,行业龙头,地铁周边",python开发工程师,15k-30k,3-5年
上海,通联数据股份公司,本科,不需要融资,全职,"快速成长,薪资福利,行业大牛",python开发工程师,15k-30k,1-3年
北京,北京嘉楠捷思信息技术有限公司,本科,A轮,全职,弹性,python开发工程师,15k-20k,3-5年
广州,广州玖维信息科技有限公司,大专,上市公司,全职,"周末双休,五险一金,节日福利,提供食宿",Python软件开发工程师,3k-5k,1年以下
深圳,北京国双科技有限公司,本科,上市公司,全职,上市公司 前景佳 氛围好 牛人多,高级Python开发工程师（深圳）,15k-20k,3-5年
广州,广州玖维信息科技有限公司,大专,上市公司,全职,"双休,提成,带薪休假,五险一金",Python软件开发工程师,4k-6k,1年以下
成都,成都数联铭品科技有限公司,硕士,C轮,全职,"五险一金,技术大牛,大数据,加班补贴",算法工程师（python）,8k-16k,不限
北京,北京第三石科技发展有限公司,本科,B轮,全职,浓厚的技术氛围，良好的发展前景，福利多多,【5Miles】Python开发工程师,15k-30k,3-5年
北京,北京果壳互动科技传媒有限公司,本科,C轮,全职,"八险一金,免费三餐,不加班,弹性工作",高级Python开发工程师,20k-40k,3-5年
北京,车好多旧机动车经纪(北京)有限公司,本科,B轮,全职,最高19薪 独角兽公司 学习型团队,Python开发工程师,20k-40k,3-5年
武汉,北京优帆科技有限公司,本科,D轮及以上,全职,"大牛团队,工程师文化,公司上升期",Python 研发工程师,12k-24k,1-3年
深圳,深圳虾皮信息科技有限公司,本科,上市公司,全职,东南亚跨境电商平台，发展非常迅速，求大牛,Python开发工程师（高级）,30k-50k,3-5年
武汉,武汉佰钧成技术有限责任公司,大专,不需要融资,全职,"牛人团队,薪资高,福利好",Python,15k-30k,3-5年
北京,北京好巧国际旅行社有限公司,本科,B轮,全职,"带薪年假,五险一金,弹性工作,股票期权",python工程师,15k-20k,3-5年
北京,北京云游九州空间科技有限公司,硕士,天使轮,全职,"年度旅游,互联网平台,硬科技,弹性上班时",Python工程师,10k-20k,1-3年
武汉,北京深瞐科技有限公司,本科,B轮,全职,五险一金，带薪年假，补贴,Python 开发工程师,8k-12k,1-3年
广州,广州中国科学院计算机网络信息中心,本科,不需要融资,全职,"专业团队,年终奖金,六险一金",Python开发工程师,9k-15k,1-3年
重庆,重庆博尼施科技有限公司,本科,不需要融资,全职,公分旅游，13薪+奖金，五险一金，成长期,Python研发工程师,6k-10k,1-3年
北京,维我软件（上海）有限公司北京分公司,本科,上市公司,全职,"纽交所上市,云计算,SaaS,生命科学",Python工程师,15k-20k,1-3年
北京,北京国双科技有限公司,本科,上市公司,全职,上市公司 前景佳 氛围好 牛人多,资深Python开发工程师（北京）,20k-30k,3-5年
广州,广州玖维信息科技有限公司,大专,上市公司,全职,"双休,提成,五险一金,带薪休假",Python开发工程师,4k-6k,1年以下
上海,上海坤亿信息技术有限公司,本科,不需要融资,全职,"五险一金,周末双休,弹性工作,绩效奖金",Python软件开发工程师,15k-18k,3-5年
北京,维我软件（上海）有限公司北京分公司,本科,上市公司,全职,"纽交所上市,云计算,SaaS,生命科学",软件工程师 - Python,15k-25k,3-5年
北京,智车优行科技（北京）有限公司,本科,C轮,全职,五险一金 带薪年假 午餐补助 扁平管理,Python 开发工程师,15k-20k,3-5年
深圳,万兴科技股份有限公司,本科,B轮,全职,"在线高并发,技术难度大,运维要求高",Python开发工程师,10k-20k,3-5年
北京,车好多旧机动车经纪(北京)有限公司,本科,B轮,全职,核心项目 BI方向 等你来挑战,Python,20k-30k,1-3年
郑州,青松智慧（北京）科技有限公司,本科,B轮,全职,"五险一金,年度旅游,年度体检,餐补",Python开发工程师,8k-10k,3-5年
北京,北京复华卓越商业管理有限公司,大专,不需要融资,全职,提升空间大,Python开发工程师,15k-30k,5-10年
深圳,广州云移信息科技有限公司,大专,B轮,全职,五险一金 定期培训 年度体检 生日福利,python开发工程师,12k-18k,3-5年
北京,信达悦和资产管理（北京）有限公司,本科,不需要融资,全职,"发展空间大,机遇挑战多,待遇优厚",Python开发工程师,10k-20k,1-3年
深圳,深圳晶泰科技有限公司,本科,B轮,全职,"技术成长快,公司前景好,领导好",Python 算法工程师,18k-30k,3-5年
南京,久康云健康科技股份有限公司,本科,上市公司,全职,"名校团队,股权激励,发展空间大,扁平化管理",Python开发工程师,10k-20k,1-3年
北京,北京奇安信科技有限公司,本科,不需要融资,全职,平台成熟；薪酬福利好；技术氛围浓,python开发工程师,10k-20k,1-3年
西安,北京神州绿盟信息安全科技股份有限公司,本科,上市公司,全职,五险一金；弹性工作；餐补；定期体检,python开发工程师,8k-10k,3-5年
广州,广州玖维信息科技有限公司,大专,上市公司,全职,"周末双休,五险一金,节日福利,房补餐补",Python工程师,3k-5k,1年以下
北京,维我软件（上海）有限公司北京分公司,本科,上市公司,全职,"纽交所上市,云计算,SaaS,股票",资深Python工程师,25k-35k,5-10年
北京,优识云创（北京）科技有限公司,本科,B轮,全职,"14薪,五险一金,地铁周边,扁平化管理",Python开发工程师,15k-25k,3-5年
北京,北京慕华信息科技有限公司,本科,B轮,全职,股票期权，五险一金，交补餐补，零食水果,Python开发工程师,15k-25k,3-5年
北京,普信恒业科技发展（北京）有限公司,本科,上市公司,全职,"发展空间大,技术氛围好,薪资福利好,带薪年假",Python研发工程师,25k-40k,5-10年
北京,人人行科技有限公司,本科,C轮,全职,九鼎控股；有钱任性；六险一金；福利好,Python,15k-25k,1-3年
上海,竹间智能科技（上海）有限公司,本科,B轮,全职,发展空间大 期权激励 弹性工作,Python 开发工程师,20k以上,不限
北京,上海诚信互通网络信息科技有限公司,大专,A轮,全职,五险一金,Python研发工程师,15k-30k,3-5年
广州,广州杰颉软件科技有限公司,不限,A轮,全职,"薪资高,发展空间大,股权,丰富的活动",Python工程师,15k-20k,3-5年
南通,上海帝联信息科技股份有限公司,本科,D轮及以上,全职,"领导好,有前景",python研发工程师,6k-11k,1-3年
北京,互动峰科技(北京)有限公司,本科,D轮及以上,全职,"大公司,大平台,机会多,六险一金",Python工程师,18k-35k,不限
上海,北京来也网络科技有限公司,不限,B轮,全职,"pytho,技术驱动",Python开发工程师(193),15k-30k,不限
北京,北京一人一亩田网络科技有限公司,本科,C轮,全职,"临近地铁,大牛团队,六险一金,年终奖",python开发工程师,20k-36k,3-5年
广州,广州财略金融信息科技有限公司,大专,A轮,全职,股票期权 发展空间大 福利待遇好 周末双休,Python开发工程师,10k-16k,1-3年
北京,紫梧桐（北京）资产管理有限公司,本科,A轮,全职,领导nice，发展空间大，六险一金,python工程师,15k-30k,3-5年
北京,维我软件（上海）有限公司北京分公司,本科,上市公司,全职,"纽交所上市,SaaS,生命科学,CRM",高级工程师-Python,25k-35k,5-10年
杭州,武汉佰钧成技术有限责任公司,大专,不需要融资,全职,"纯纯技术团,魅力领导,带薪年假,周末双休",Python开发工程师,9k-14k,1-3年
深圳,深圳市易讯天空网络技术有限公司,本科,上市公司,全职,氛围轻松,Python开发工程师,15k-25k,3-5年
北京,北京猎户星空科技有限公司,本科,A轮,全职,牛人云集，优质福利,Python开发工程师,18k-35k,3-5年
北京,在线途游（北京）科技有限公司,本科,B轮,全职,"施展空间大,季度奖,年终奖",python开发工程师,15k-25k,3-5年
广州,广州杰颉软件科技有限公司,大专,A轮,全职,"A轮,福利待遇好,发展空间大,人人持股",Python工程师,10k-15k,3-5年
广州,广州玖维信息科技有限公司,大专,上市公司,全职,"周末双休,五险一金,节日福利,房补餐补",Python开发工程师,3k-5k,1年以下
上海,千言信息技术（上海）有限公司,本科,A轮,全职,"国际化团队,福利太多,企业文化,技术驱动",Python工程师,10k-20k,1-3年
深圳,深圳市易博天下科技有限公司,大专,上市公司,全职,平台好 高速增长 股票期权 创业团队,Python开发工程师,11k-20k,1-3年
北京,北京陌上花科技有限公司,本科,B轮,全职,"绩效奖金,弹性工作,技术大牛,晋升空间",Python开发工程师,15k-30k,3-5年
南京,南京贝优教育科技有限公司,不限,天使轮,全职,"核心职位,期权,好平台",python工程师,15k-25k,3-5年
北京,北京多牛互动传媒股份有限公司,本科,上市公司,全职,"五险一金,周末双休,环境优美,扁平管理",Python开发工程师-web,12K-24K,1-3年
北京,北京慕华信息科技有限公司,本科,B轮,全职,"五险一金,餐补,生日会,优秀团队",系统开发工程师（Python）,20k-30k,5-10年
北京,北京神黄科技有限公司,本科,未融资,全职,五险工作居住证年终奖带薪假团建培训交补,Python开发工程师,15k-30k,1-3年
南京,江苏五星电器有限公司,本科,不需要融资,全职,五险一金 工作氛围好 SAP上线中 双休,Python开发工程师,7k-12k,1-3年
杭州,武汉佰钧成技术有限责任公司,大专,不需要融资,全职,"项目大,平台优,技术新,发展好",python开发,10k-20k,3-5年
北京,维我软件（上海）有限公司北京分公司,本科,上市公司,全职,"纽交所上市,云计算,SaaS,股票",Python工程师,15k-24k,1-3年
上海,瞬联软件科技（北京）有限公司,本科,不需要融资,全职,"五险一金,带薪年假,弹性工作,氛围自由",Python软件开发工程师,10k-15k,1-3年
深圳,达而观信息科技（上海）有限公司,本科,A轮,全职,"六险一金,12天年假,专业培训,技术提升",Python开发工程师,8k-10k,1-3年
北京,北京天融信网络安全,本科,上市公司,全职,"七险一金,年终奖,带薪年假,带薪病假",python开发工程师,10k-15k,1-3年
上海,上海海万信息科技股份有限公司,大专,不需要融资,全职,"年终奖,过节费,旅游,体检",python工程师,8k-15k,1-3年
北京,北京优虎商务服务有限公司,本科,B轮,全职,"带薪年假,六险一金,期权股票,大牛多多",python开发工程师,20k-40k,1-3年
北京,北京慕华信息科技有限公司,本科,B轮,全职,来吧，与技术大牛过招吧！,Python工程师,15k-25k,1-3年
北京,北京我爱出行科技服务有限公司,本科,不需要融资,全职,"五险一金,弹性工作,绩效奖金,节日福利",Python开发工程师,15k-20k,3-5年
广州,有米科技股份有限公司,本科,上市公司,全职,"六险一金,年度旅游,项目奖金",Python工程师,15k-25k,1-3年
长沙,湖南康通电子股份有限公司,本科,未融资,全职,"五险一金,亲属关爱金,免费中晚餐,福利齐全",Python工程师,7K-14K,1-3年
深圳,武汉市哈哈便利科技有限公司,本科,天使轮,全职,"创业公司,空间大,氛围好",Python开发工程师,15k-30k,3-5年
上海,阿基米德（上海）传媒有限公司,本科,B轮,全职,五险一金、补充公积金、13薪、饭贴,Python软件开发工程师,15k-22k,1-3年
广州,广州游爱网络技术有限公司,大专,上市公司,全职,五险一金 包三餐 全勤奖 项目奖金 年底双薪,Python,8k-10k,1-3年
上海,上海亦存网络科技有限公司,本科,不需要融资,全职,"薪酬丰厚,扁平化管理,学习平台",高级Python开发,20k-40k,3-5年
北京,维我软件（上海）有限公司北京分公司,本科,上市公司,全职,"纽交所上市,云计算,SaaS,生命科学",高级Python开发工程师,25k-35k,5-10年
深圳,上海海万信息科技股份有限公司,大专,不需要融资,全职,"双休,过节费,年度体检,旅游",python开发工程师,10k-20k,3-5年
深圳,深圳众禄基金销售股份有限公司,本科,上市公司,全职,"新三板挂牌,团队氛围,金融中心",Python开发工程师,18k-25k,1-3年
深圳,深圳花果山科技有限公司,本科,B轮,全职,年轻富有活力的团队，稳步发展的创业公司。,Python,5k-8k,1-3年
上海,上海道客网络科技有限公司,本科,A轮,全职,"15天年假,技术大牛,年终多薪,豪华团队",Python研发工程师,15k-30k,3-5年
北京,北京优虎商务服务有限公司,本科,B轮,全职,"加班少,福利好",python开发工程师,20k-40k,1-3年
北京,北京点石经纬科技有限公司,本科,B轮,全职,"大牛多,平台好,待遇好,流程规范",Python工程师,15k-25k,3-5年
北京,北京小龙虾科技有限公司,本科,B轮,全职,"六险一金,灵活工作制,技术分享,晋升渠道",Python系统开发工程师,15k-30k,1-3年
苏州,上海众言网络科技有限公司,本科,B轮,全职,"带薪年假,五险一金,期权奖励,定期体检",Python开发,15k-25k,3-5年
北京,北京思源置地投资有限公司,本科,不需要融资,全职,"云,大数据,AI",python,20k-30k,5-10年
北京,仁科互动（北京）信息科技有限公司,本科,D轮及以上,全职,弹性工作，扁平管理，丰厚年终奖，五险一金,Python开发工程师,25k-35k,3-5年
上海,上海谷露软件有限公司,本科,A轮,全职,"工程师文化,年轻,大牛,爽",Python开发工程师,13k-25k,不限
成都,广州碧软信息科技有限公司,本科,不需要融资,全职,五险一金 周末双休 带薪年假,Python,10k-18k,5-10年
深圳,万科物业发展有限公司,本科,不需要融资,全职,"平台好,空间大",Python开发工程师,15k-30k,3-5年
北京,北京猎户星空科技有限公司,本科,A轮,全职,大牛云集，人工智能，扁平管理,python工程师,15k-30k,1-3年
北京,维我软件（上海）有限公司北京分公司,本科,上市公司,全职,"纽交所上市,云计算,SaaS,生命科学",Python软件开发工程师,15k-25k,3-5年
北京,高德软件有限公司,本科,上市公司,全职,阿里福利~,python开发高级工程师,15k-30k,3-5年
上海,上海晓途网络科技有限公司,本科,B轮,全职,"年轻团队,扁平管理,弹性工作,简单透明",Python开发工程师,15k-25k,1-3年
烟台,烟台欣和企业食品有限公司,本科,不需要融资,全职,"领导好,氛围好,有班车",JAVA/Python工程师,5k-10k,3-5年
上海,上海庆科信息技术有限公司,本科,B轮,全职,发展空间大,python开发工程师,15k-18k,1-3年
杭州,中科视拓（北京）科技有限公司,本科,A轮,全职,"大咖分享,补贴绩效奖,升职加薪快,团队氛围好",Python工程师,8k-16k,1-3年
杭州,杭州健培科技有限公司,不限,不需要融资,全职,"双休,五险,工作8小时,法定节假日",python开发工程师,6k-10k,1-3年
上海,上海众言网络科技有限公司,本科,B轮,全职,"五险一金,季度旅游,节日福利,带薪年假",Python开发师,12k-24k,3-5年
成都,昆明俊云科技有限公司,本科,不需要融资,全职,"高薪资,丰厚年终奖,期权,百万级产品",Python开发工程师,8k-12k,1-3年
北京,北京一览科技有限公司,本科,B轮,全职,福利优厚,python开发工程师,20k-40k,3-5年
北京,北京好巧国际旅行社有限公司,大专,B轮,全职,"双休,高速发展,扁平管理,五险一金",Linux C++/Python开发工程师,15k-20k,1-3年
上海,上海米闲企业管理合伙企业(有限合伙),本科,不需要融资,全职,"追求极客,业务明确",Python工程师,10k-20k,1-3年
深圳,深圳市博悦科创科技有限公司,大专,不需要融资,全职,项目好，福利好，有发展前景,python开发工程师,7k-14k,1-3年
北京,北京智者天下科技有限公司,本科,D轮及以上,全职,薪资优厚、氛围宽松、每日三餐、六险一金,Python开发工程师,15k-30k,3-5年
宁波,宁波清车电气有限公司,大专,未融资,全职,"五险一金,做五休二,带薪年假,年底双薪",Python软件工程师,6k-8k,1-3年
北京,维我软件（上海）有限公司北京分公司,本科,上市公司,全职,"纽交所上市,云计算,SaaS,生命科学",Python,25k-35k,3-5年
北京,北京启明合心科技有限公司,本科,A轮,全职,"大数据处理,自由度大,有挑战,公司午晚餐",Python开发工程师,20k-35k,1-3年
杭州,杭州健培科技有限公司,本科,不需要融资,全职,高薪、五险一金、氛围好,Python软件开发,10k-15k,1-3年
上海,上海壤歌市场营销策划有限公司,本科,A轮,全职,"技术氛围,技术驱动,弹性工作,文化年轻",资深Python工程师,18k-28k,3-5年
武汉,北京榆钱投资管理有限公司,大专,A轮,全职,"弹性工作,氛围好,福利好,前景好",Python,10k-20k,1-3年
深圳,深圳市五一五游戏网络有限公司,大专,未融资,全职,"国内外旅游,五险一金,任性下午茶,年终奖金",Python,15k-25k,3-5年
深圳,深圳众禄基金销售股份有限公司,大专,上市公司,全职,"团队氛围,高速发展,互联网金融,五险一金",Python开发工程师,18k-25k,3-5年
北京,北京慕华信息科技有限公司,本科,B轮,全职,"五险一金,餐补,生日会,优秀团队",Python开发工程师,20k-30k,3-5年
上海,无锡华云数据技术服务有限公司,本科,D轮及以上,全职,绩效奖金 年终奖金 交通补贴 餐饮补贴,Python开发工程师,18k-28k,3-5年
上海,上海微麦电子商务发展有限公司,本科,A轮,全职,"牛人引领,不打卡,薪资高,氛围好",python,10k-20k,1-3年
北京,京东金融,本科,上市公司,全职,餐补+年终奖+良好的晋升空间,Python研发工程师,25k-50k,5-10年
深圳,深圳市和讯华谷信息技术有限公司,本科,D轮及以上,全职,"D轮+,14薪+,攻城狮氛围,牛掰团队",极光调研 - 高级 Python 工程师,18k-35k,3-5年
北京,北京磁力信科技有限公司,不限,不需要融资,全职,"项目前景好,技术氛围好,餐补房补,成长基金",Python 开发工程师,14k-28k,3-5年
北京,医渡云（北京）技术有限公司,大专,B轮,全职,"十四薪,带薪年假,免费三餐,租房补助",Python开发工程师,18K-35K,3-5年
北京,北京开拓天际科技有限公司,本科,A轮,全职,"领导好,福利好,团队优秀",Python工程师,15k-23k,3-5年
深圳,上海海万信息科技股份有限公司,大专,不需要融资,全职,"发展平台,团队合作,五险一金,法定节假日",Python开发工程师,9k-16k,1-3年
上海,上海江村市隐智能科技有限公司,本科,不需要融资,全职,技术大牛,Python开发,10k-15k,1-3年
深圳,深圳开黑科技有限公司,本科,A轮,全职,"电竞类项目,融资速度快,高期权,腾讯系团队",Python研发工程师,13k-25k,1-3年
上海,上海大岂网络科技有限公司,本科,B轮,全职,"B轮公司,大数据团队,发展空间大,超长年假",python工程师,10k-20k,1-3年
深圳,深圳市金证科技股份有限公司,大专,上市公司,全职,"上市公司,办公环境好,薪资福利好,五险一金",Python,10k-16k,3-5年
长沙,深圳前海信美分期科技有限公司,本科,不需要融资,全职,"平台大,升职机会多,加薪快",Python开发 （长沙）,6k-10k,1-3年
杭州,浙江钱花网络科技有限公司,本科,不需要融资,全职,"大牛带队,扁平化管理,弹性工作,年终奖金",python开发,10k-18k,1-3年
深圳,深圳市健康阿鹿信息科技有限公司,大专,不需要融资,全职,"上市公司,实力雄厚,人性化管理,福利众多",Python工程师,15k-25k,1-3年
北京,联想（北京）有限公司,本科,上市公司,全职,"发展空间大,技术氛围好",Python开发工程师,20k-40k,5-10年
杭州,杭州健培科技有限公司,大专,不需要融资,全职,"双休,五险一金,工作8小时,海外团队",python开发,8k-15k,1-3年
杭州,武汉佰钧成技术有限责任公司,大专,不需要融资,全职,"云平台,大平台,牛人,新技术",Python工程师,10k-18k,1-3年
深圳,深圳市博悦科创科技有限公司,大专,不需要融资,全职,大平台 发展好,python软件开发工程师,10k-13k,1-3年
北京,凡普金科企业发展（上海）有限公司,本科,不需要融资,全职,"六险一金,数据驱动,敏捷开发,行业风口",Python工程师,25k-35k,3-5年
北京,北京南天软件有限公司,本科,上市公司,全职,长期稳定,python工程师,5k-10k,1-3年
北京,云蜂科技有限公司,本科,不需要融资,全职,"发展空间大,技术氛围好,办公环境好,简单开放",Python工程师,15k-25k,3-5年
广州,广东省电信规划设计院有限公司,大专,上市公司,全职,"周末双休,高温补贴,节日补贴",Python工程师,6k-10k,1-3年
北京,维我软件（上海）有限公司北京分公司,本科,上市公司,全职,"纽交所上市,云计算,SaaS,股票",高级Python工程师,25k-35k,5-10年
北京,北京陌上花科技有限公司,本科,B轮,全职,"股票期权,绩效奖金,晋升空间,技术大牛",Python/Golang开发工程师,20k-40k,1-3年
北京,小叶子（北京）科技有限公司,本科,C轮,全职,"免费午晚餐,五险一金,交补,年终奖",python,20k-30k,3-5年
深圳,厦门笨鸟电子商务有限公司,本科,B轮,全职,海量数据,python工程师,20k-40k,1-3年
广州,广州德惟科技有限公司,本科,不需要融资,全职,"综合福利好,技术大牛多,交通便利,假期多",python开发（广州）,8k-13k,1-3年
深圳,腾讯科技(深圳)有限公司,本科,上市公司,全职,"五险一金,绩效奖金,带薪休假",HY2-监控系统开发工程师-Python（深圳）,18k-30k,3-5年
成都,昊盈信息技术（成都）有限公司,大专,不需要融资,全职,"五险一金,带薪年假,年度体检,各种补贴",Python 开发工程师,8k-15k,3-5年
北京,无锡信成网络科技有限公司,本科,A轮,全职,"五险一金,季度奖励,日常福利,领导nic",python开发工程师,13k-20k,3-5年
北京,混沌时代（北京）教育科技有限公司,本科,不需要融资,全职,"福利待遇好,技术团队优,扁平管理",python后台开发工程师,20k-40k,1-3年
深圳,深圳市杉岩数据技术有限公司,本科,A轮,全职,"扁平化管理,发展空间大,产品有竞争,氛围融洽",Python开发工程师,10k-16k,1-3年
深圳,深圳市乐易网络有限公司,本科,A轮,全职,"海外手游,鹅厂大神,高配团队",Python,15k-30k,3-5年
珠海,珠海哈工有思科技有限公司,本科,A轮,全职,"创新,开放",Python开发工程师,10k-20k,1-3年
杭州,浙江天垂科技有限公司,本科,天使轮,全职,"弹性工作,硅谷团队,股权激励,全正版软件",Python工程师,15k-30k,3-5年
北京,北京好巧国际旅行社有限公司,本科,B轮,全职,"带薪年假,弹性工作,五险一金,股票期权",python高级工程师,25k-35k,5-10年
北京,维我软件（上海）有限公司北京分公司,本科,上市公司,全职,"纽交所上市,云计算,SaaS,生命科学",Python开发,15k-20k,1-3年
上海,上海华瑞银行股份有限公司,本科,不需要融资,全职,"六险两金,年度体检,绩效奖金,渠道晋升",Python开发工程师,20k-40k,3-5年
深圳,武汉佰钧成技术有限责任公司,本科,不需要融资,全职,"六险一金,年度旅游,定期体检,出国机会",Python中级开发工程师,12k-18k,3-5年
北京,北京思维造物信息科技有限公司,不限,B轮,全职,"六险一金,大咖云集",Python开发工程师,15k-30k,不限
深圳,心灵失重（北京）科技有限公司,本科,A轮,全职,老司机来开车,Python,15k-30k,3-5年
成都,昆明俊云科技有限公司,本科,不需要融资,全职,"百万级产品,高薪资,六险一金,氛围轻松",python开发工程师,12k-15k,3-5年
北京,北京撞见旅行国际旅行社有限公司,本科,不需要融资,全职,"五险一金,扁平化,补助,弹性",Python开发工程师,15k-30k,5-10年
上海,上海道客网络科技有限公司,本科,A轮,全职,"15天年假,5天病假,年终多薪,公司前景",Python开发工程师,20k-40k,3-5年
深圳,深圳回收宝科技有限公司,本科,B轮,全职,"腾讯系团队,大牛导师多,发展前景广,薪资待遇好",Python开发工程师,15k-22k,3-5年
北京,北京币贝科技有限公司,本科,不需要融资,全职,"技术大牛,弹性工作,不打卡,福利丰厚",Python开发工程师,15k-30k,不限
北京,深圳市麦达数字股份有限公司,本科,上市公司,全职,"上市公司,五险一金,薪酬福利好,发展空间大",PYTHON研发工程师,25k-35k,3-5年
北京,北京字节跳动科技有限公司,本科,C轮,全职,六险一金，高薪期权，弹性工作，免费三餐，租房补贴，休闲下午茶，扁平管理，团队氛围好，优厚薪资,python开发工程师,25k-50k,3-5年
北京,上海淇毓信息科技有限公司,本科,未融资,全职,核心业务，角色重要，成长空间大,Python开发工程师,20k-30k,3-5年
上海,上海众言网络科技有限公司,本科,B轮,全职,"五险一金,季度旅游,生日会,带薪年假",Python开发,12k-24k,3-5年
杭州,陕西联云数据技术服务有限公司,大专,B轮,全职,"学习机会多,福利优厚,双休,五险一金",Python开发工程师,10k-15k,1-3年
北京,维我软件（上海）有限公司北京分公司,本科,上市公司,全职,"纽交所上市,云计算,SaaS,股票",资深Python开发工程师,25k-35k,5-10年
北京,广州杰颉软件科技有限公司,大专,A轮,全职,"A轮,发展空间大,工作弹性,福利待遇好",python工程师（北京）,10k-15k,3-5年
大连,北京推想科技有限公司,大专,B轮,全职,"人工智能,快速成长,弹性工作,年终奖丰厚",python工程师,6k-12k,1年以下
北京,会找房（北京）网络技术有限公司,本科,C轮,全职,"行业领先,激情团队,扁平化管理,团队氛围好",Python,15K-25K,3-5年
北京,北京陌上花科技有限公司,本科,B轮,全职,"股票期权,绩效奖金,技术大牛,弹性工作",高级Python开发工程师,20k-40k,3-5年
北京,永杨安风（北京）科技有限公司,本科,B轮,全职,"海外APP,社/公全额,海外团建,工作居住证",Python研发工程师,15k-25k,1-3年
宁波,宁波新希望信息技术有限公司,本科,未融资,全职,出国机会，上升空间，踏实做事，靠谱,Python,10k-15k,3-5年
苏州,上海众言网络科技有限公司,本科,B轮,全职,"带薪年假,定期体检,五险一金,福利多多",Python,6k-12k,1-3年
北京,北京东方国信科技股份有限公司,本科,上市公司,全职,"公司前景好,优秀团队,带薪年假",Python开发工程师,18k-25k,5-10年
上海,上海优刻得信息科技有限公司,本科,D轮及以上,全职,"六险一金,弹性工作,年终旅游,技术挑战",资深Python开发工程师,25k-35k,5-10年
深圳,深圳市博奥特科技有限公司,不限,未融资,全职,"前景广阔,全新项目,提升空间大,项目背景强",PYTHON高级开发工程师,18k-25k,3-5年
上海,两鲜商贸（上海）有限公司,大专,A轮,全职,"氛围轻松,大牛带教",Python 开发工程师,10k-15k,1-3年
杭州,北京通力互联技术服务有限公司,大专,不需要融资,全职,技术前景好 团队nice,python工程师,10k-20k,1-3年
北京,北京明日虫洞科技有限公司,本科,B轮,全职,技术团队牛人多&nbsp;核心人员背景强&nbsp;福利好,Python,15k-30k,1-3年
上海,上海阅文信息技术有限公司,本科,上市公司,全职,"团队好,发展快,福利全",Python开发工程师,15k-25k,5-10年
北京,维我软件（上海）有限公司北京分公司,本科,上市公司,全职,"纽交所上市,云计算,SaaS,生命科学",Software Engineer -Python,25k-35k,3-5年
深圳,深圳市博奥特科技有限公司,大专,未融资,全职,"晋升空间大,福利待遇好",python开发工程师,10k-20k,1-3年
北京,掌阅科技股份有限公司,本科,不需要融资,全职,"一带一,实践机会,成长空间大",Python研发工程师（应届毕业生/实习生）,8k-15k,不限
上海,无锡华云数据技术服务有限公司,本科,D轮及以上,全职,各项补贴 带薪年病假 弹性上下班,103-中级Python开发工程师,15k-25k,3-5年
北京,北京罗威亚科技有限公司,本科,天使轮,全职,"平台好,技术新,大牛带,团队棒",python攻城狮,9k-15k,1-3年
北京,北京字节跳动科技有限公司,本科,C轮,全职,六险一金，高薪期权，弹性工作，免费三餐，租房补贴，休闲下午茶，扁平管理，团队氛围好，优厚薪资,python开发工程师,20k-35k,1-3年
深圳,广州云移信息科技有限公司,大专,B轮,全职,五险一金 定期培训 年度体检 生日福利,python高级开发工程师,18k-25k,5-10年
成都,成都捷云智慧科技有限公司,本科,不需要融资,全职,"绩效奖金,带薪年假",Python,8k-12k,1-3年
北京,北京云途腾科技有限责任公司,本科,B轮,全职,福利好 领导傻富甜 捎带手儿解决个人问题,高级python研发工程师,20k-40k,5-10年
北京,深圳码隆科技有限公司,本科,B轮,全职,发展前景广阔,python工程师(北京),15k-25k,1-3年
北京,北京缔联科技有限公司,本科,B轮,全职,"周末双休,法定节假日,六险一金,年底双薪",Python开发工程师,10k-20k,3-5年
北京,北京物灵智能科技有限公司,本科,不需要融资,全职,"人工智能,万物有灵,黑科技,硅谷范",python研发工程师,15k-30k,3-5年
北京,北京奇安信科技有限公司,本科,不需要融资,全职,技术氛围浓；平台口碑好；福利待遇优,360企业安全-Python开发工程师,15k-30k,3-5年
上海,上海众言网络科技有限公司,本科,B轮,全职,"带薪年假,股票期权,下午茶,季度旅游",Python资深开发,12k-24k,3-5年
太原,山西优逸客科技有限公司,本科,不需要融资,全职,五险一金,python工程师,8k-12k,1-3年
北京,维我软件（上海）有限公司北京分公司,本科,上市公司,全职,"纽交所上市,云计算,SaaS,生命科学",高级Python工程师,20k-30k,3-5年
深圳,深圳市博奥特科技有限公司,大专,未融资,全职,"晋升空间大,五险一金",Python开发工程师,10k-15k,1-3年
上海,上海墨沐金融信息服务有限公司,本科,A轮,全职,"时间自由,技术先进,区块链",python 开发工程师,10k-20k,1-3年
上海,上海拍拍贷金融信息服务有限公司,本科,上市公司,全职,晋升空间大、福利好,python工程师,12k-24k,3-5年
北京,北京朴素磐石投资管理有限公司,硕士,B轮,全职,"五险一金,年底双薪,弹性工作",Python工程师,10k-20k,1-3年
北京,极道科技（北京）有限公司,本科,不需要融资,全职,"技术大咖,气氛活跃,福利多多,年底双薪",python开发工程师,10k-16k,1-3年
深圳,上海航仕企业管理有限公司,本科,C轮,全职,BAT的薪资福利待遇，更有技术大牛传授技术,Python开发,20k-35k,3-5年
武汉,武汉北蚁网络科技有限公司,大专,不需要融资,全职,"五险一金,绩效奖金,休闲餐点",Python高级开发工程师,10k-15k,5-10年
上海,上海道客网络科技有限公司,本科,A轮,全职,"大牛环绕,弹性工作,福利优厚",Python开发工程师,10k-20k,1-3年
北京,北京搜狗科技发展有限公司,本科,C轮,全职,快速成长，感受全球氛围,搜狗海外输入法-Python高级开发工程师,20k-40k,3-5年
北京,超对称（北京）科技有限公司,本科,A轮,全职,"五险一金,每周运动,无限量零食,好老板",Python开发工程师,12k-20k,1-3年
广州,广州楠天网络科技有限公司,大专,不需要融资,全职,"五险一金,下午茶",初级Python工程师,4k-7k,不限
上海,无锡华云数据技术服务有限公司,大专,D轮及以上,全职,各项补贴 节日福利 弹性上下班 年度旅游,32-高级Python开发工程师,15k-25k,1-3年
深圳,深圳市博悦科创科技有限公司,本科,不需要融资,全职,项目好，福利好发展好,Python开发,9k-18k,1-3年
北京,京东商城-技术研发体系-大数据部,本科,上市公司,全职,"行业前沿,部门直招,核心加班,核心团队",Python,30k-50k,5-10年
深圳,深圳市博奥特科技有限公司,本科,未融资,全职,"双休,晋升空间大,平台好,五险一金",python开发工程师,15k-25k,3-5年
北京,维我软件（上海）有限公司北京分公司,本科,上市公司,全职,"纽交所上市,云计算,SaaS,股票",高级Python开发工程师,25k-35k,5-10年
北京,北京中铁信科技有限公司,本科,不需要融资,全职,福利优厚、领导nice、弹性工作,python中级开发工程师,15k-30k,1-3年
北京,金色家园网络科技有限公司,本科,不需要融资,全职,福利好，14薪,Python工程师,18k-30k,3-5年
北京,中科视拓（北京）科技有限公司,不限,A轮,全职,"五险一金,团建津贴,免费体检,节日礼金",Python高级工程师,25k-40k,1-3年
北京,永杨安风（北京）科技有限公司,本科,B轮,全职,"移动互联网,绩效奖金,妹子多,国外团建",资深Python工程师,35k-45k,3-5年
深圳,平安科技（深圳）有限公司,本科,不需要融资,全职,世界500强 带薪年假 节日福利 绩效丰厚,Python后台开发工程师（深圳）,10k-15k,不限
上海,上海果雪信息科技有限公司,本科,A轮,全职,"技术牛,福利好,氛围好,老板牛",Python 工程师,15k-30k,3-5年
北京,北京钱方银通科技有限公司,本科,B轮,全职,六险一金，带薪年假，年度体检，自由氛围。,Python开发工程师,25k-30k,3-5年
成都,四川长虹电器股份有限公司,本科,上市公司,全职,"五险一金,年终奖,项目奖",python工程师,8k-15k,3-5年
北京,博瑞天下（北京)科技有限公司,本科,A轮,全职,"核心产品,团队氛围好,业务前景大,指导新人",高级python工程师,20k-35k,3-5年
上海,上海众言网络科技有限公司,大专,B轮,全职,"季度旅游,带薪年假,下午茶,股票期权",高级Python开发,12k-24k,3-5年
广州,广州机智云物联网科技有限公司,本科,B轮,全职,"五险一金,绩效奖金,交通补贴,弹性工作制",python开发,10k-15k,1-3年
北京,北京高思博乐教育科技股份有限公司,本科,上市公司,全职,"领导好,氛围好,成长快,平台广阔",Python工程师-大数据方向,15k-30k,3-5年
上海,上海拍拍贷金融信息服务有限公司,本科,上市公司,全职,晋升空间大、福利好,python工程师,12k-24k,3-5年
北京,北京钱方银通科技有限公司,本科,B轮,全职,"试用期全薪,餐补,六险一金,年终奖",Python开发,20k-30k,3-5年
北京,北京艾唯博瑞科技有限公司,本科,未融资,全职,绩效奖金带薪年假五险一金岗位晋升,python研发工程师,15k-25k,3-5年
武汉,北京阿博茨科技有限公司,本科,A轮,全职,"人工智能,大数据,金融科技",Python开发工程师,10k-20k,3-5年
北京,博瑞天下（北京)科技有限公司,本科,A轮,全职,"竞争力薪酬,年终奖金,实力团队,福利多",python工程师,10k-20k,1-3年
南京,北京爱唯光石信息技术有限公司,本科,不需要融资,全职,弹性工作无需打卡、氛围好福利好，学习机会,Python高级开发工程师,15k-25k,3-5年
北京,北京掌控世代科技有限公司,本科,A轮,全职,行业第一 技术导向 大用户 大数据 超强团队,Python研发中级工程师,15k-30k,3-5年
石家庄,石家庄佳诚网络技术有限公司,大专,未融资,全职,"五险一金,带薪年假,定期体检,不加班",python开发工程师,6k-9k,1-3年
上海,上海基分文化传播有限公司,大专,不需要融资,全职,"平均15薪,餐补,六险一金",Python开发工程师,20k-35k,3-5年
北京,北京九州云动科技有限公司,本科,B轮,全职,海量数据、氛围轻松、项目奖金,Python,15k-30k,1-3年
北京,人人行科技有限公司,本科,C轮,全职,九鼎控股；有钱任性；六险一金；福利好,高级Python,25k-35k,3-5年
苏州,苏州睿小麟教育科技有限公司,本科,天使轮,全职,"弹性工作,硅谷文化,国际化团队,股权激励",资深Python研发工程师,15k-25k,3-5年
深圳,顺丰科技有限公司,本科,不需要融资,全职,"开发,能力论英雄",Python开发,20k-30k,3-5年
广州,广东修炼科技股份有限公司,大专,不需要融资,全职,"大咖带队,妹子多,氛围好,实力强",Python 开发工程师,8k-16k,1-3年
上海,深圳市房多多网络科技有限公司,本科,C轮,全职,平台好，发展广阔，技术大牛多,Python研发工程师,15k-30k,1-3年
北京,北京中铁信科技有限公司,本科,不需要融资,全职,前景好，平台广阔，福利完善,Python 中级研发工程师,15k-30k,3-5年
厦门,厦门市咕啦电子商务有限责任公司,大专,A轮,全职,"五险一金,调薪调岗,福利待遇优,周末双休",Python开发,6k-10k,1-3年
厦门,厦门笨鸟电子商务有限公司,本科,B轮,全职,"高新企业,牛人多,扁平化,五险一金",Python工程师,8k-15k,3-5年
西安,西安逆袭网络科技有限公司,本科,A轮,全职,"弹性工作,扁平管理,五险一金,健身福利",Python开发工程师,10k-20k,3-5年
北京,高德软件有限公司,本科,上市公司,全职,大平台，股票期权，免费班车,高德-python开发高级工程师,18k-36k,3-5年
上海,上海坤亿信息技术有限公司,本科,不需要融资,全职,弹性工作 大型美资企业,python开发工程师,14K-20K,5-10年
上海,上海优刻得信息科技有限公司,本科,D轮及以上,全职,"六险一金,弹性工作,年终旅游,技术挑战",初级Python开发工程师,15k-25k,1-3年
上海,达疆网络科技（上海）有限公司,本科,D轮及以上,全职,平台稳定，团队快速发展,后端python工程师,15k-25k,1-3年
北京,光合新知（北京）科技有限公司,大专,C轮,全职,"年假15天,免费早午餐,极客范儿,学习氛围好",Python Web开发工程师,15k-30k,1-3年
北京,北京摩尔妈咪网络科技有限公司,本科,A轮,全职,"高薪,氛围轻松,成长空间大,背景好",Python开发工程师,30k-50k,3-5年
深圳,深圳市有鱼智能科技有限公司,本科,上市公司,全职,"上市公司,弹性工作制,大牛多,发展空间大",Python开发工程师,10k-20k,1-3年
北京,会找房（北京）网络技术有限公司,本科,C轮,全职,"弹性工作制,股票期权,行业巨头,地铁周边",高级python开发工程师,15k-30k,3-5年
杭州,武汉佰钧成技术有限责任公司,本科,不需要融资,全职,"大牛,最新领域,技术,美女",Python开发工程师(云栖小镇),10k-18k,1-3年
北京,北京数美时代科技有限公司,硕士,B轮,全职,"飞速发展,技术氛围浓,大牛担任导",python研发工程师,15k-30k,1年以下
广州,海南元游信息技术有限公司广州分公司,本科,不需要融资,全职,"包餐,加班费,六险一金,绩效奖",Python开发工程师,8k-15k,1-3年
北京,北京旷视科技有限公司,本科,C轮,全职,大牛多,Python后端工程师,25k-50k,3-5年
上海,上海优刻得信息科技有限公司,本科,D轮及以上,全职,"六险一金,弹性工作,年终旅游,技术挑战",高级Python开发工程师,25k-35k,5-10年
上海,上海知助数据科技有限公司,本科,天使轮,全职,"前沿研究,弹性工作,员工期权",Python,12k-17k,不限
大连,悦视光合科技（大连）有限公司,本科,不需要融资,全职,"极客氛围,福利好,领导好",python研发工程师,6k-12k,1-3年
北京,企鹅创新（北京）科技有限公司,本科,天使轮,全职,"Djang,主流Web,数据库",Python工程师,25k-35k,1-3年
北京,维我软件（上海）有限公司北京分公司,本科,上市公司,全职,"纽交所上市,云计算,SaaS,生命科学",高级Python开发工程师,20k-30k,3-5年
深圳,上海炽聚网络科技有限公司,本科,A轮,全职,热点行业，五险一金，待遇从优,Python开发工程师,12K-20K,1-3年
上海,蜜柚网络科技（上海）有限公司,本科,不需要融资,全职,"大牛带你飞,零食不断,过亿用户",高级Python开发工程师,25k-50k,3-5年
深圳,深圳市杉岩数据技术有限公司,本科,A轮,全职,"领导好,发展空间大,9点半上班,扁平化管理",高级Python开发工程师,16k-23k,3-5年
北京,车好多旧机动车经纪(北京)有限公司,本科,B轮,全职,核心部门、团队氛围nice、期权奖励,高级python开发工程师,20k-40k,3-5年
北京,上海微创软件股份有限公司北京分公司,本科,不需要融资,全职,"六险一金,带薪病假,节假日福利,技术氛围浓",Python开发工程师（微软）,10k-15k,3-5年
上海,北京京东世纪贸易有限公司,本科,上市公司,全职,"平台大,前景好,福利高,待遇好",Python资深开发工程师,18k-36k,5-10年
北京,北京数美时代科技有限公司,硕士,B轮,全职,"飞速发展,技术氛围浓,待遇好,发展快",python研发工程师,15k-30k,1年以下
北京,北京弥财投资咨询有限公司,本科,A轮,全职,"金融科技,行业先驱,技术大牛,优秀同事",高级Python开发工程师,20k-40k,5-10年
上海,上海驻云信息科技有限公司,大专,C轮,全职,"阿里云,晋升快,空间大",Python开发工程师,15k-25k,3-5年
北京,联想（北京）有限公司,本科,上市公司,全职,平台好 福利待遇优厚,Python开发工程师,17k-18k,3-5年
北京,联想（北京）有限公司,本科,上市公司,全职,平台好 福利待遇优厚,Python开发工程师,17k-18k,3-5年
上海,上海基分文化传播有限公司,大专,不需要融资,全职,"六险一金,平均16薪,餐补,弹性上班",Python开发工程师,20k-35k,3-5年
广州,广州中国科学院计算机网络信息中心,本科,不需要融资,全职,"六险一金,周末双休,节日福利",高级python开发工程师,15k-20k,3-5年
北京,北京智分科技有限公司,本科,不需要融资,全职,"Geek范,清华系,福利待遇好,股票期权",高级Python开发工程师,25k-45k,3-5年
北京,北京世纪好未来教育科技有限公司,本科,上市公司,全职,上市公司，六险一金，住房无息，福利待遇好,家长帮-Python/Django web开发工程师,20k-35k,3-5年
北京,北京步鼎方舟科技有限公司,本科,B轮,全职,一日三餐、带薪年假、弹性工作、六险一金,Python高级开发工程师,20k-30k,3-5年
北京,北京摩尔妈咪网络科技有限公司,本科,A轮,全职,"高薪,氛围轻松,环境优越",Python开发工程师,20k-40k,1-3年
北京,北京第三石科技发展有限公司,本科,B轮,全职,良好的技术氛围，丰厚的福利待遇,Python高级开发工程师,18k-36k,3-5年
深圳,顺丰科技有限公司,本科,不需要融资,全职,"挑战大,前景好,弹性上班,福利好",python后台开发工程师,15k-30k,3-5年
武汉,武汉北蚁网络科技有限公司,大专,不需要融资,全职,"五险一金,休闲餐点,员工聚餐",Python高级开发工程师,10k-15k,5-10年
武汉,北京推想科技有限公司,大专,B轮,全职,"人工智能,快速成长,弹性工时,年终奖丰厚",python工程师,6k-12k,1年以下
北京,北京乐信圣文科技有限责任公司,本科,B轮,全职,"五险一金,免费工作餐,年终奖,高端医疗",python工程师,15k-30k,1-3年
北京,北京智融时代科技有限公司,本科,C轮,全职,"文化开放,弹性不打卡,发展快速,上升空间",Python开发工程师,20k-40k,3-5年
深圳,印孚瑟斯技术（中国）有限公司,大专,上市公司,全职,"五百强外企,稳定,专业,福利好",python软件工程师,8k-15k,不限
北京,马上消费金融股份有限公司,大专,不需要融资,全职,年底2-4薪,Python开发工程师,20k-30k,3-5年
北京,凤凰飞扬（北京）新媒体信息技术有限公司,本科,上市公司,全职,八险一金、优秀团队,Python工程师-北京-01084,15k-25k,3-5年
上海,上海阿牛信息科技有限公司,本科,B轮,全职,五险一金,高级Python开发工程师,15k-22k,3-5年
上海,上海优刻得信息科技有限公司,本科,D轮及以上,全职,"六险一金,弹性工作,年终旅游,技术挑战",中级Python开发工程师,15k-25k,3-5年
北京,北京必然如此网络技术有限公司,本科,不需要融资,全职,"扁平化管理,午晚餐丰盛,技术大牛",Python工程师,25k-35k,1-3年
武汉,酷转猫友（武汉）科技有限公司,本科,A轮,全职,"项目有潜力,环境舒适,团队激情,待遇丰厚",高级Python开发工程师,15k-20k,3-5年
深圳,深圳开黑科技有限公司,本科,A轮,全职,"技术大牛多,福利待遇好,电竞风口,团队稳定",高级Python开发工程师,16k-30k,5-10年
上海,上海果雪信息科技有限公司,本科,A轮,全职,"技术大牛,各类补贴,氛围好,年终奖金",Python开发,15k-25k,3-5年
北京,北京网融天下金融信息服务有限公司,不限,C轮,全职,发展前景 弹性工作 领导Nice,Python 开发工程师,15k-30k,不限
深圳,印孚瑟斯技术（中国）有限公司,本科,上市公司,全职,"六险一金,免费班车",Python,15k-20k,3-5年
上海,上海基分文化传播有限公司,本科,不需要融资,全职,发展空间,Python高级开发,15k-30k,5-10年
上海,上海语酷网络科技有限公司,不限,不需要融资,全职,"高房补,定制午餐,出国旅游,福利多多",python高级工程师,20k-40k,不限
长沙,湖南创业工场网络科技有限公司,大专,A轮,全职,"互联网行业,朝九晚五,2次加薪,五险",python中级开发工程师,6k-10k,1-3年
深圳,岩心科技（深圳）有限公司,本科,B轮,全职,"数据建模,机器学习,专注专业",高级Python工程师/面向对象高级Python工,15k-30k,3-5年
深圳,深圳市乐易网络有限公司,本科,A轮,全职,"海外手游,高配团队,两次调薪,年终奖",Python,15k-30k,3-5年
上海,上海厚本金融信息服务有限公司,本科,A轮,全职,"技术前沿,优渥待遇,学习成长",Python/Go 运维开发工程师,15k-25k,3-5年
深圳,上海海万信息科技股份有限公司,本科,不需要融资,全职,"大平台,交通便利,环境优美,福利待遇好",Python工程师,10k-20k,1-3年
北京,北京影谱科技股份有限公司,本科,上市公司,全职,"上市公司,项目奖金,全额社保,各种补助",Python开发工程师,15k-25k,3-5年
上海,瞬联软件科技（北京）有限公司,本科,不需要融资,全职,五险一金、弹性工作制、带薪年假、内部培训,python开发工程师,10k-15k,不限
深圳,深圳市中手游网络科技有限公司,大专,上市公司,全职,"大平台,福利好,牛人多,晋升空间大",sz-Python开发岗,15k-25k,1-3年
广州,广州汇电云联互联网科技有限公司,本科,不需要融资,全职,"扁平化,氛围好",Python开发工程师,10k-20k,3-5年
北京,北京爱特曼科技有限公司,本科,A轮,全职,"高薪,快速发展,人工智能,顶级团队",高级Python工程师,20k-40k,3-5年
深圳,深圳市明源云采购电子商务有限公司,本科,上市公司,全职,"牛人多,扁平化管理",高级Python开发工程师,16k-22k,3-5年
上海,上海壤歌市场营销策划有限公司,不限,A轮,全职,"技术氛围,技术驱动,氛围年轻,福利多",Python,12k-24k,3-5年
杭州,杭州传送门网络科技有限公司,大专,B轮,全职,双休 弹性工作制 海外游,Python开发工程师,8k-16k,1-3年
北京,北京一览科技有限公司,本科,B轮,全职,福利优厚,python开发工程师,20k-40k,不限
北京,北京纵情向前科技有限公司,本科,A轮,全职,五险一金,Python开发工程师/爬虫工程师,20k-40k,3-5年
广州,广州大象健康科技有限公司,本科,A轮,全职,"五险一金,带薪年假,年度旅游,培训拓展",Python/ Qt开发工程师,6k-12k,1-3年
深圳,试金石信用服务有限公司,本科,不需要融资,全职,"福利好,大牛多",Python开发岗,10k-20k,1-3年
北京,北京果壳互动科技传媒有限公司,本科,C轮,全职,成长空间 五险一金 补充医疗 包三餐,Python后端工程师,10k-20k,不限
北京,联想（北京）有限公司,本科,上市公司,全职,大平台，发展前景好,python开发工程师,13k-20k,3-5年
杭州,武汉佰钧成技术有限责任公司,大专,不需要融资,全职,"平台好,技术新,大牛多",Python开发工程师,11K-22K,1-3年
杭州,杭州砺石信息科技有限公司,本科,天使轮,全职,"年底双薪,弹性工作,领导nic",Python开发工程师（Odoo）,15k-20k,不限
北京,北京千锋互联科技有限公司,大专,A轮,全职,"五险一金,绩效奖金,节日福利,年度旅游",python技术总监,25k-50k,3-5年
深圳,深圳市博奥特科技有限公司,大专,未融资,全职,"提升空间大,行业前景广,金融行业",中级PYTHON开发工程师,22k-25k,5-10年
杭州,杭州一知智能科技有限公司,本科,天使轮,全职,有个很强的技术团队，五险一金，双休,python工程师,8K-15K,1-3年
上海,上海墨沐金融信息服务有限公司,本科,A轮,全职,"时间自由,技术先进,区块链,一年多薪",资深python开发工程师,25k-35k,3-5年
宁波,浙江第元信息技术有限公司,本科,未融资,全职,股票期权、五险一金、员工宿舍、餐饮补贴,python开发工程师,7k-11k,1-3年
北京,北京江山如画网路科技有限责任公司,本科,天使轮,全职,"提供住宿,一日三餐,晋升空间,紫牛基金投",python开发工程师,8k-16k,1-3年
上海,上海风创信息咨询有限公司,不限,C轮,全职,"大牛多,扁平化管理,弹性工时",高级Python开发,15k-25k,3-5年
上海,上海海万信息科技股份有限公司,本科,不需要融资,全职,"五险一金,旅游、体检,过节福利,生日礼金",python,8k-15k,3-5年
深圳,印孚瑟斯技术（中国）有限公司,大专,上市公司,全职,"500强,外企,福利好,美女多",python开发工程师,12k-15k,3-5年
北京,北京奇安信科技有限公司,本科,不需要融资,全职,平台好；福利好；技术氛围好,360企业安全-Python高级开发工程师,15k-30k,3-5年
西安,上海久耶供应链管理有限公司,本科,B轮,全职,"五险一金,补充公积金,绩效奖金,带薪年假",高级研发工程师（Python）,10k-15k,3-5年
廊坊,智线云科技（北京）有限公司,本科,A轮,全职,"五险一金,带薪年假",Python中级工程师,8k-10k,1-3年
北京,上海理想信息产业（集团）有限公司,大专,不需要融资,全职,"云计算,人工智能,私有云,热门技术",高级python研发工程师,16k-20k,5-10年
北京,店商互联（北京）科技发展有限公司,本科,B轮,全职,"五险一金,餐补,交通补,生日福利",Python高级开发工程师,15k-25k,3-5年
上海,上海谷露软件有限公司,本科,A轮,全职,"工程师文化,大牛,高薪",Python工程师,15k-25k,1-3年
北京,便利蜂商贸有限公司,本科,不需要融资,全职,扁平化,python开发,15k-30k,3-5年
苏州,苏州有推信息科技有限公司,不限,未融资,全职,海外资源,Python中级工程师,5k-10k,1-3年
北京,金色家园网络科技有限公司,本科,不需要融资,全职,"股票期权,绩效奖金",中级python工程师,15k-25k,3-5年
北京,北京友缘在线网络科技股份有限公司,本科,不需要融资,全职,福利待遇好，发展空间大,Python 资深开发,20k-30k,5-10年
上海,上海竞界科技有限公司,本科,不需要融资,全职,公司位于市中心，提供免费住宿，不加班,高级python工程师,20K-30K,3-5年
上海,上海唯链信息科技有限公司,大专,A轮,全职,"五险一金,不打卡,免费午餐",python高级研发,20k-35k,3-5年
北京,北京好巧国际旅行社有限公司,大专,B轮,全职,"高增长,期权激励,弹性工作,百万医疗",Linux C++/Python高级研发工程师,25k-35k,5-10年
北京,京东金融,本科,上市公司,全职,年终奖，带薪年假，班车，午餐晚餐,Python开发工程师-pass平台方向,25k-50k,5-10年
武汉,武汉安天信息技术有限责任公司,本科,未融资,全职,"弹性工作,试用不打折,员工旅游,周末双休",python开发工程师,7k-13k,1-3年
北京,北京优虎商务服务有限公司,本科,B轮,全职,"NLP,算法,高效团队,机器学习",Python研发工程师,15k-30k,不限
郑州,大河网络传媒有限公司,本科,不需要融资,全职,五险 双休,Python,5k-10k,1-3年
深圳,广州赛意信息科技股份有限公司,不限,上市公司,全职,基本薪资+补助+年终奖，年度体检+旅游；,python工程师,15k-25k,不限
珠海,深圳市比量科技传媒有限公司珠海分公司,大专,未融资,全职,五险一金、五天八小时、节日福利、生日礼品,Python研发工程师,5k-10k,1-3年
北京,北京格上添富科技发展有限公司,本科,不需要融资,全职,弹性工作，扁平化管理，零食水果,Python研发工程师,13k-25k,3-5年
北京,金色家园网络科技有限公司,本科,不需要融资,全职,"股票期权,绩效奖金",高级python工程师,18k-30k,5-10年
上海,上海勃池信息技术有限公司,本科,天使轮,全职,"年底双薪,地铁周边,期权激励,弹性工作",Python开发工程师,10k-20k,1-3年
成都,成都路行通信息技术有限公司,本科,不需要融资,全职,"高绩效奖励,多维度发展,完善福利,人性化管理",中级python研发工程师,8k-15k,3-5年
北京,北京中铁信科技有限公司,本科,不需要融资,全职,福利好，前景好。平台好。,Python中级研发工程师,14k-23k,3-5年
长沙,长沙辰运软件有限公司,不限,不需要融资,全职,"五险一金,年底双薪,交通补助,餐补",Python工程师,10k-15k,不限
杭州,京东金融,本科,上市公司,全职,餐补+年终奖+良好的晋升空间,Python开发工程师,15k-25k,3-5年
北京,北京鱼行天下网络科技有限公司,本科,B轮,全职,"氛围轻松,有成就感,成长空间大",Python工程师,15k-30k,1-3年
北京,上海微创软件股份有限公司北京分公司,本科,不需要融资,全职,六险一金 带薪年假 微软办公 弹性工作,高级Python工程师,10k-15k,3-5年
深圳,深圳市乐易网络有限公司,本科,A轮,全职,"海外手游,鹅厂大神,高配团队",Python,15k-30k,3-5年
上海,深圳狗尾草智能科技有限公司,本科,A轮,全职,"五险一金,年终多薪,车补餐补,项目奖金",高级Python开发工程师,15k-30k,5-10年
北京,混沌时代（北京）教育科技有限公司,本科,不需要融资,全职,"福利待遇好,超棒团队,弹性工作",高级python开发工程师,20k-40k,3-5年
深圳,深圳市瑞云科技有限公司,大专,A轮,全职,"五险一金,多次调薪,周末双休,年终奖",Python高级研发工程师,10k-15k,3-5年
上海,上海思华科技股份有限公司,本科,D轮及以上,全职,六险一金 带薪病事假,云计算开发工程师（Python）,12k-24k,3-5年
深圳,深圳市博奥特科技有限公司,大专,未融资,全职,"晋升机会大,五险一金,公积金",高级python开发工程师,13k-25k,5-10年
